-- MySQL dump 10.13  Distrib 8.0.41, for Win64 (x86_64)
--
-- Host: localhost    Database: asistencia_ugel
-- ------------------------------------------------------
-- Server version	8.4.3

/*!40101 SET @OLD_CHARACTER_SET_CLIENT=@@CHARACTER_SET_CLIENT */;
/*!40101 SET @OLD_CHARACTER_SET_RESULTS=@@CHARACTER_SET_RESULTS */;
/*!40101 SET @OLD_COLLATION_CONNECTION=@@COLLATION_CONNECTION */;
/*!50503 SET NAMES utf8 */;
/*!40103 SET @OLD_TIME_ZONE=@@TIME_ZONE */;
/*!40103 SET TIME_ZONE='+00:00' */;
/*!40014 SET @OLD_UNIQUE_CHECKS=@@UNIQUE_CHECKS, UNIQUE_CHECKS=0 */;
/*!40014 SET @OLD_FOREIGN_KEY_CHECKS=@@FOREIGN_KEY_CHECKS, FOREIGN_KEY_CHECKS=0 */;
/*!40101 SET @OLD_SQL_MODE=@@SQL_MODE, SQL_MODE='NO_AUTO_VALUE_ON_ZERO' */;
/*!40111 SET @OLD_SQL_NOTES=@@SQL_NOTES, SQL_NOTES=0 */;

--
-- Table structure for table `distrito`
--

DROP TABLE IF EXISTS `distrito`;
/*!40101 SET @saved_cs_client     = @@character_set_client */;
/*!50503 SET character_set_client = utf8mb4 */;
CREATE TABLE `distrito` (
  `idDistrito` int NOT NULL AUTO_INCREMENT,
  `nombreDistrito` varchar(45) COLLATE utf8mb4_general_ci NOT NULL,
  `estado` int NOT NULL DEFAULT '1',
  PRIMARY KEY (`idDistrito`)
) ENGINE=InnoDB AUTO_INCREMENT=5 DEFAULT CHARSET=utf8mb4 COLLATE=utf8mb4_general_ci;
/*!40101 SET character_set_client = @saved_cs_client */;

--
-- Dumping data for table `distrito`
--

LOCK TABLES `distrito` WRITE;
/*!40000 ALTER TABLE `distrito` DISABLE KEYS */;
INSERT INTO `distrito` VALUES (1,'el carmen de la frontera',1),(2,'huancabamba',1),(3,'sóndor',1),(4,'sondorillo',1);
/*!40000 ALTER TABLE `distrito` ENABLE KEYS */;
UNLOCK TABLES;

--
-- Table structure for table `horario_institucion`
--

DROP TABLE IF EXISTS `horario_institucion`;
/*!40101 SET @saved_cs_client     = @@character_set_client */;
/*!50503 SET character_set_client = utf8mb4 */;
CREATE TABLE `horario_institucion` (
  `idHorarioInstitucion` int NOT NULL AUTO_INCREMENT,
  `nombreHorario` varchar(45) NOT NULL,
  `estado` int NOT NULL DEFAULT '1',
  PRIMARY KEY (`idHorarioInstitucion`)
) ENGINE=InnoDB AUTO_INCREMENT=6 DEFAULT CHARSET=utf8mb4 COLLATE=utf8mb4_0900_ai_ci;
/*!40101 SET character_set_client = @saved_cs_client */;

--
-- Dumping data for table `horario_institucion`
--

LOCK TABLES `horario_institucion` WRITE;
/*!40000 ALTER TABLE `horario_institucion` DISABLE KEYS */;
INSERT INTO `horario_institucion` VALUES (1,'regular',1),(2,'ceba',1),(3,'jer',1),(4,'jec',1),(5,'ue',1);
/*!40000 ALTER TABLE `horario_institucion` ENABLE KEYS */;
UNLOCK TABLES;

--
-- Table structure for table `institucion`
--

DROP TABLE IF EXISTS `institucion`;
/*!40101 SET @saved_cs_client     = @@character_set_client */;
/*!50503 SET character_set_client = utf8mb4 */;
CREATE TABLE `institucion` (
  `idInstitucion` varchar(10) COLLATE utf8mb4_general_ci NOT NULL,
  `idDistrito` int NOT NULL,
  `idNivel` int NOT NULL,
  `idTurnoInstitucion` int DEFAULT '1',
  `idHorarioInstitucion` int DEFAULT '1',
  `nombreInstitucion` varchar(60) COLLATE utf8mb4_general_ci NOT NULL,
  `nombreDirector` varchar(60) COLLATE utf8mb4_general_ci NOT NULL,
  `direccion` varchar(45) COLLATE utf8mb4_general_ci NOT NULL,
  `estado` int DEFAULT '1',
  `fechaCreado` datetime DEFAULT NULL,
  `fechaActualizado` datetime DEFAULT NULL,
  `fechaEliminado` datetime DEFAULT NULL,
  PRIMARY KEY (`idInstitucion`),
  KEY `fx_idDistrito_idx` (`idDistrito`),
  KEY `fx_idNivel_idx` (`idNivel`),
  KEY `fx_idTurnoInstitucion_idx` (`idTurnoInstitucion`),
  KEY `fx_idHorarioInstitucion_idx` (`idHorarioInstitucion`),
  CONSTRAINT `fx_idDistrito` FOREIGN KEY (`idDistrito`) REFERENCES `distrito` (`idDistrito`),
  CONSTRAINT `fx_idHorarioInstitucion` FOREIGN KEY (`idHorarioInstitucion`) REFERENCES `horario_institucion` (`idHorarioInstitucion`),
  CONSTRAINT `fx_idNivel` FOREIGN KEY (`idNivel`) REFERENCES `nivel_educativo` (`idNivelEducativo`),
  CONSTRAINT `fx_idTurnoInstitucion` FOREIGN KEY (`idTurnoInstitucion`) REFERENCES `turno_institucion` (`idTurnoInstitucion`)
) ENGINE=InnoDB DEFAULT CHARSET=utf8mb4 COLLATE=utf8mb4_general_ci;
/*!40101 SET character_set_client = @saved_cs_client */;

--
-- Dumping data for table `institucion`
--

LOCK TABLES `institucion` WRITE;
/*!40000 ALTER TABLE `institucion` DISABLE KEYS */;
INSERT INTO `institucion` VALUES ('0217976',3,2,1,1,'14524','GUEVARA OJEDA Severino','MANCUCUR',1,'2025-03-05 12:10:33',NULL,NULL),('0259655',2,1,2,1,'204 GENARA LITUMA PORTOCARRERO','CHAVEZ MONTEZA Ines Elizabeth','HUANCABAMBA',1,'2025-03-05 12:10:44',NULL,NULL),('0259895',4,1,1,1,'14529','ORIHUELA VELASQUEZ Luis Orlando','SONDORILLO',1,'2025-03-05 12:10:34',NULL,NULL),('0259903',3,1,1,1,'202','OJEDA MARTINEZ Elena Hermelinda','SONDOR',1,'2025-03-05 12:10:43',NULL,NULL),('0340968',2,2,1,1,'14450','IBAÑEZ IBAÑEZ Carmen Teodula','ÑANGALI',1,'2025-03-05 12:10:28',NULL,NULL),('0340984',1,2,1,1,'14454','JULCA GRANDA Felizardo','MONCHURUCO',1,'2025-03-05 12:10:29',NULL,NULL),('0341008',1,2,1,1,'14457 ALEJANDRO ELERA LITUMA','NEIRA CRUZ Elmer Gustavo','CAJAS CANCHAQUE',1,'2025-03-05 12:10:29',NULL,NULL),('0341016',1,2,1,1,'14458 SAN ANTONIO DE PADUA','GARCIA AGUILAR Paúl david','SAN ANTONIO',1,'2025-03-05 12:10:29',NULL,NULL),('0341032',1,2,1,1,'14462','PEÑA CARRASCO Orlando','YUMBE',1,'2025-03-05 12:10:29',NULL,NULL),('0341057',1,2,1,1,'14465','MAURIOLA OJEDA Jaime','SALALA',1,'2025-03-05 12:10:30',NULL,NULL),('0341065',1,2,1,1,'14466 CESAR TRELLES LARA','JUAREZ QUIROGA Kelly del Rosario','ROSARIOS BAJO',1,'2025-03-05 12:10:30',NULL,NULL),('0341073',1,2,1,1,'14467','HERRERA SAAVEDRA Jenny Judith','SAPUN ALTO',1,'2025-03-05 12:10:30',NULL,NULL),('0341081',1,2,1,1,'14468','HERRERA FACUNDO Marina','SALINAS',1,'2025-03-05 12:10:30',NULL,NULL),('0341099',1,2,1,1,'SAN JUAN DE LA FRONTERA','YOVERA MORE Jose Andres','HORMIGUERO',1,'2025-03-05 12:10:56',NULL,NULL),('0341107',1,2,1,1,'14471','CORDOVA MEZONES Raúl Abdel','EL CARMEN',1,'2025-03-05 12:10:31',NULL,NULL),('0341115',1,2,1,1,'14472 VIRGEN DE LAS MERCEDES','PINTADO NAIRA Mario','SHAPAYA',1,'2025-03-05 12:10:31',NULL,NULL),('0341123',1,2,1,1,'14473','HERRERA HERREROS Elar','HUAR HUAR',1,'2025-03-05 12:10:31',NULL,NULL),('0341131',1,2,1,1,'14474','RODRIGUEZ LALANGUI Emerson Javier','EL CHAUPE',1,'2025-03-05 12:10:31',NULL,NULL),('0341149',1,2,1,1,'14475','JIBAJA CALDERÓN Yeny','PEÑA BLANCA',1,'2025-03-05 12:10:32',NULL,NULL),('0341156',1,2,1,1,'15148','PEREZ MAMANI Rosemary Cossette','ROSARIOS ALTO',1,'2025-03-05 12:10:37',NULL,NULL),('0342196',2,2,2,1,'14408 VIRGEN DE LAS MERCEDES','SIN DIRECTOR','RAMON CASTILLA',1,'2025-03-05 12:10:22',NULL,NULL),('0342204',2,2,2,1,'14409 NUESTRA SEÑORA DEL CARMEN','ORDOÑEZ GUERRERO Carmen Rosa','HUANCABAMBA',1,'2025-03-05 12:10:23',NULL,NULL),('0342212',2,2,1,1,'14411','PEÑA RIVERA Miguel','QUISPAMPA ALTO',1,'2025-03-05 12:10:23',NULL,NULL),('0342220',2,2,1,1,'14412','LOZADA CARRIÓN Juana Esther','TRES ACEQUIAS',1,'2025-03-05 12:10:23',NULL,NULL),('0342238',2,2,1,1,'14413','BARCO MORALES Deysi Marlene','LUCHO',1,'2025-03-05 12:10:23',NULL,NULL),('0342246',2,2,1,1,'14416 JESUS MI AMIGO','FACUNDO SALAS Dalinda Marianela','QUISPAMPA BAJO',1,'2025-03-05 12:10:23',NULL,NULL),('0342253',2,2,1,1,'14418 NUESTRA SEÑORA DE LOURDES','GARCÍA CORTEZ Dilma','RAMON CASTILLA',1,'2025-03-05 12:10:24',NULL,NULL),('0342261',2,2,1,1,'14419','ZEGARRA ARISMENDIZ Pedro Miguel','JIMACA',1,'2025-03-05 12:10:24',NULL,NULL),('0342279',2,2,1,1,'14423 SANTA ROSA DE LIMA','ESPINOZA PEÑA Sara Aracely','CABEZA',1,'2025-03-05 12:10:24',NULL,NULL),('0342287',2,2,1,1,'14426 CARLOS AUGUSTO SALAVERRY','PEÑA PORTOCARRERO Elvis Jhonattan','TOCLLAPITE',1,'2025-03-05 12:10:25',NULL,NULL),('0342295',2,2,1,1,'14427 SANTIAGO ROLANDO CANO RIVERA','CORDOVA MEZONES Gabby Mabel','PUNDIN',1,'2025-03-05 12:10:25',NULL,NULL),('0342303',2,2,1,1,'14428','HERRERA GARCÍA Griselda','CATALUCO',1,'2025-03-05 12:10:26',NULL,NULL),('0342311',2,2,1,1,'14431','MIJA RENTERÍA Iliana Guadadupe','SAUCE CHIQUITO',1,'2025-03-05 12:10:27',NULL,NULL),('0342329',2,2,1,1,'14432 SANTA TERESA DE CALCUTA','PEÑA MEZA Lily Viviana','SINGO',1,'2025-03-05 12:10:27',NULL,NULL),('0342337',2,2,1,1,'14435','JIBAJA DE YOVERA Rosa Arminda','SOCCHAPAMPA',1,'2025-03-05 12:10:27',NULL,NULL),('0342345',2,2,1,1,'14438 MARIA AUXILIADORA','GUERRERO MONTENEGRO Mely Del Pilar','SUCCHIL',1,'2025-03-05 12:10:27',NULL,NULL),('0342360',2,2,1,1,'14441','GUERRERO ALBERCA Juan Carlos','CAJAS CAPSOL',1,'2025-03-05 12:10:27',NULL,NULL),('0342378',2,2,1,1,'14442','OJEDA NEIRA María Magdalena','CASCAMACHE',1,'2025-03-05 12:10:28',NULL,NULL),('0342386',2,2,1,1,'14443','MORETO MAJUAN Luz Delia','LAUMACHE',1,'2025-03-05 12:10:28',NULL,NULL),('0342394',2,2,1,1,'14444','VELASCO ARIZAGA Patsy Irina','COMENDEROS',1,'2025-03-05 12:10:28',NULL,NULL),('0342402',2,2,1,1,'JOSE CARLOS MARIATEGUI','GUERRERO NEIRA Zoila Consuelo','JUZGARA',1,'2025-03-05 12:10:53',NULL,NULL),('0342410',2,2,1,1,'14449','GUERRERO JAIME Geibi Noella','CRUZ GRANDE',1,'2025-03-05 12:10:28',NULL,NULL),('0342436',4,2,1,1,'14533 VICTOR RAUL HAYA DE LA TORRE','CANO HUAMAN Luz Marita','INGANO GRANDE',1,'2025-03-05 12:10:34',NULL,NULL),('0342444',4,2,1,1,'14537 AUGUSTO SALAZAR BONDY','BURE QUIROGA José','HUAYLAS',1,'2025-03-05 12:10:35',NULL,NULL),('0342451',4,2,1,1,'LUIS ANTONIO PAREDES MACEDA','CHAYGUAQUE HUAMAN Lupe Maritza','EL LANCHE',1,'2025-03-05 12:10:54',NULL,NULL),('0342469',4,2,1,1,'14540','GALLARDO YUPANQUI Jorge Luis','ULPAMACHE',1,'2025-03-05 12:10:35',NULL,NULL),('0342477',2,2,1,1,'15146','FACUNDO APONTE Petronila','EL ALUMBRE',1,'2025-03-05 12:10:37',NULL,NULL),('0352187',2,2,1,1,'14410 FELIX ARCADIO PEÑA PEÑA','CORREA BERMEO Olga Lidia','JICATE',1,'2025-03-05 12:10:23',NULL,NULL),('0352195',2,2,1,1,'ISABEL FLORES DE OLIVA','FLORES CHINGUEL Felicia','HUANCACARPA BAJO',1,'2025-03-05 12:10:52',NULL,NULL),('0352203',2,2,1,1,'14417','VILELA JIMENEZ Yosver Raúl','PASAPAMPA',1,'2025-03-05 12:10:24',NULL,NULL),('0352211',2,2,1,1,'14420','CHANTA PUSMA Florentino','HUANCACARPA ALTO',1,'2025-03-05 12:10:24',NULL,NULL),('0352245',2,2,1,1,'14430','BERMEO VELASCO Nancy Marleny','QUISPE ALTO',1,'2025-03-05 12:10:26',NULL,NULL),('0352252',2,2,1,1,'14433','FLORES SUPO Sonia Cristina','CORDOVA',1,'2025-03-05 12:10:27',NULL,NULL),('0352260',2,2,1,1,'CESAR VALLEJO','PASACHE RAMOS Orlando','MATARA',1,'2025-03-05 12:10:51',NULL,NULL),('0352278',2,2,1,1,'14440','ORTIZ TERRONES Ever Milton','SAQUIRAYUC BAJO',1,'2025-03-05 12:10:27',NULL,NULL),('0352294',2,2,1,1,'JOSE ANTONIO ENCINAS FRANCO','CARHUATOCTO CURAY Chester Camilo','CATULUN',1,'2025-03-05 12:10:53',NULL,NULL),('0352302',2,2,1,1,'14451 ANTONIO RAIMONDI','NAIRA RENTERIA Cesar','JICATE ALTO',1,'2025-03-05 12:10:28',NULL,NULL),('0352310',1,2,1,1,'14456 DANIEL ALCIDES CARRION','SAAVEDRA GUERRERO Lilian Rosario','CHULUCANAS BAJO',1,'2025-03-05 12:10:29',NULL,NULL),('0352328',1,2,1,1,'14460 JUAN VELASCO ALVARADO','RONDOY CORTEZ Moises','TALANEO',1,'2025-03-05 12:10:29',NULL,NULL),('0352336',1,2,1,1,'JUAN PABLO II','GARCÍA MORALES Jose Anibal','TAMBILLO',1,'2025-03-05 12:10:54',NULL,NULL),('0352344',1,2,1,1,'14469','ZURITA ALVERCA Vidal','SICCE QUISTERIOS',1,'2025-03-05 12:10:30',NULL,NULL),('0352351',1,2,1,1,'15147 DIVINO NIÑO JESUS','SAAVEDRA PEÑA Silvia Janet','HUAQUILLAS SIERRA',1,'2025-03-05 12:10:37',NULL,NULL),('0354290',3,2,1,1,'15103','SILVA RUIZ Juany Mercedes','QUEVEDOS',1,'2025-03-05 12:10:37',NULL,NULL),('0355545',2,4,1,2,'CEBA - MARIA INMACULADA','LA TORRE TOCTO Justi Deneyva','HUANCABAMBA',1,'2025-03-05 12:10:51',NULL,NULL),('0356022',2,3,1,4,'SAN FRANCISCO DE ASIS','UBILLUS RÍOS Nalda Liliana','RAMON CASTILLA',1,'2025-03-05 12:10:56',NULL,NULL),('0356030',2,3,1,4,'INCA PACHACUTEC','CORDOVA MARCELO Helber','HUANCABAMBA',1,'2025-03-05 12:10:52',NULL,NULL),('0356626',2,3,1,4,'AGROPECUARIO 13','GARCIA AGURTO Jose Gabriel','HUANCABAMBA',1,'2025-03-05 12:10:50',NULL,NULL),('0356816',2,3,1,4,'MARIA INMACULADA','SAAVEDRA GUERRERO Fanny Cecilia','HUANCABAMBA',1,'2025-03-05 12:10:54',NULL,NULL),('0357574',3,2,1,1,'14516','GUERRERO GUERRERO Alexander','SONDOR',1,'2025-03-05 12:10:32',NULL,NULL),('0357590',3,2,1,1,'14518','VEGAS OROZCO VDS DE ALZAMORA Maria Santos','YANGUA',1,'2025-03-05 12:10:33',NULL,NULL),('0357608',3,2,1,1,'14519','QUIROZ REYES Ana Cecilia','IMBO',1,'2025-03-05 12:10:33',NULL,NULL),('0357616',3,2,1,1,'14520','LA TORRE ARIZAGA Luz María','LAGUNAS',1,'2025-03-05 12:10:33',NULL,NULL),('0357624',3,2,1,1,'VIRGEN DE LAS MERCEDES','HORNA AVALOS Magna Edith','TULUCE',1,'2025-03-05 12:10:57',NULL,NULL),('0357632',3,2,1,1,'14522 JUAN PABLO II','SANTOS NEIRA Julio','TACARPO',1,'2025-03-05 12:10:33',NULL,NULL),('0357640',3,2,1,1,'14523','PASIGUAN SURITA Luis Martín','CASHACOTO',1,'2025-03-05 12:10:33',NULL,NULL),('0357665',3,2,1,1,'14526','GARCIA GARCIA Nelly Orfelinda','CHIRIMOYO',1,'2025-03-05 12:10:34',NULL,NULL),('0357673',3,2,1,1,'14527','ELERA TORRES Guisselee','HUARICANCHE BAJO',1,'2025-03-05 12:10:34',NULL,NULL),('0357681',3,2,1,1,'14528 SAN MIGUEL ARCANGEL','VISAGA VEGA Alcides Felipe','CHURIPAMPA',1,'2025-03-05 12:10:34',NULL,NULL),('0357699',4,2,1,1,'14529','ORIHUELA VELASQUEZ Luis Orlando','SONDORILLO',1,'2025-03-05 12:10:34',NULL,NULL),('0357723',4,2,1,1,'14534 JOSE ANTONIO ENCINAS','BERNA PEREZ Lazaro','LAS PAMPAS',1,'2025-03-05 12:10:35',NULL,NULL),('0357731',4,2,1,1,'14535','BERMEO HUAMAN Jessica Graciela','LA SOCCHA',1,'2025-03-05 12:10:35',NULL,NULL),('0357749',4,2,1,1,'14536 MANUEL GONZALEZ PRADA','MACHADO ENRIQUEZ Neptali','UCHUPATA',1,'2025-03-05 12:10:35',NULL,NULL),('0357756',4,2,1,1,'MARISCAL ANDRES AVELINO CACERES','IBAÑEZ OJEDA Carmen','LACCHAN BAJO',1,'2025-03-05 12:10:55',NULL,NULL),('0357764',4,2,1,1,'14541','MEZA NEIRA Manuel Edgardo','VILELAPAMPA',1,'2025-03-05 12:10:35',NULL,NULL),('0357772',4,2,1,1,'14542','LABAN ADRIANZEN Rosana Madeline','TIERRA NEGRA',1,'2025-03-05 12:10:35',NULL,NULL),('0467183',1,1,1,1,'208','LABAN SANDOVAL Pascuala Resurrección','SAPALACHE',1,'2025-03-05 12:10:46',NULL,NULL),('0467266',2,2,1,1,'15326','JIBAJA CARHUAPOMA Rosa Elena','EL TAMBO',1,'2025-03-05 12:10:38',NULL,NULL),('0467506',3,2,1,1,'15252','SILVERA CCAPAYA Mercedes','SHUMAYA',1,'2025-03-05 12:10:38',NULL,NULL),('0467548',3,2,1,1,'15240','CAMPOS PEÑAFIEL Alex','GUARDALAPA',1,'2025-03-05 12:10:37',NULL,NULL),('0490284',3,3,1,4,'VIRGEN DE LA ASUNCION','ANGULO CHAVEZ Wismar Elwer','SONDOR',1,'2025-03-05 12:10:56',NULL,NULL),('0494229',2,2,1,1,'14437','GIL CRUZ Gilmer','PARIAMARCA CENTRO',1,'2025-03-05 12:10:27',NULL,NULL),('0494740',2,1,1,1,'209','CHUMACERO VALENCIA Celia','RAMON CASTILLA',1,'2025-03-05 12:10:48',NULL,NULL),('0513648',1,2,1,1,'15302','HERRERA CASTILLO Socorro','CHULUCANAS ALTO',1,'2025-03-05 12:10:38',NULL,NULL),('0513747',1,3,1,4,'ALMIRANTE MIGUEL GRAU Y SEMINARIO','GUERRERO MARCHAN Martin','SAPALACHE',1,'2025-03-05 12:10:50',NULL,NULL),('0515072',2,2,1,1,'15327','GARCIA MARTINEZ Ciro Neptali','TAYAPAMPA',1,'2025-03-05 12:10:38',NULL,NULL),('0560870',2,2,1,1,'14429 RICARDO HUMBERTO RAMOS PLATA','NEIRA CRUZ Ramon','JACOCHA',1,'2025-03-05 12:10:26',NULL,NULL),('0560904',4,2,1,1,'15369','PAREDES TICONA Segundina Lucila','MITUPAMPA',1,'2025-03-05 12:10:39',NULL,NULL),('0561092',4,2,1,1,'15337','NEIRA ZURITA Teodoro','CUSMILAN',1,'2025-03-05 12:10:39',NULL,NULL),('0561126',3,2,1,1,'15412','TORRES ALVERCA Juver David','CHANTACO',1,'2025-03-05 12:10:39',NULL,NULL),('0570937',1,1,1,1,'14560','GUERRERO SAAVEDRA Noe','CAJAS ALUMBRE',1,'2025-03-05 12:10:36',NULL,NULL),('0570960',4,2,1,1,'14889','GARCÍA ZURITA Frank Nehemías','CASCAPAMPA',1,'2025-03-05 12:10:36',NULL,NULL),('0571026',2,1,1,1,'14412','LOZADA CARRIÓN Juana Esther','TRES ACEQUIAS',1,'2025-03-05 12:10:23',NULL,NULL),('0571042',4,3,1,4,'SAN JUAN BAUTISTA','TOCTO NAIRA Marina','SONDORILLO',1,'2025-03-05 12:10:56',NULL,NULL),('0571059',2,1,1,1,'JOSE CARLOS MARIATEGUI','GUERRERO NEIRA Zoila Consuelo','JUZGARA',1,'2025-03-05 12:10:53',NULL,NULL),('0572040',2,1,1,1,'053','SIN DIRECTOR','ÑANGALI',1,'2025-03-05 12:10:21',NULL,NULL),('0572131',3,1,1,1,'14523','PASIGUAN SURITA Luis Martín','CASHACOTO',1,'2025-03-05 12:10:33',NULL,NULL),('0572164',4,2,1,1,'14963','CALDERON MORALES Dergi','LIMON',1,'2025-03-05 12:10:36',NULL,NULL),('0589572',2,2,1,1,'15422','CRUZ ZURITA Henry Jairo','CERRO COLORADO',1,'2025-03-05 12:10:39',NULL,NULL),('0613380',2,1,1,1,'167','MANZANARES GOMEZ Jaqueline Jessica','LA VILLA',1,'2025-03-05 12:10:41',NULL,NULL),('0613414',1,2,1,1,'VIRGEN DE LOS DOLORES','OJEDA OJEDA Danni Yoel','LA COIPA',1,'2025-03-05 12:10:57',NULL,NULL),('0613448',2,2,1,1,'14972','NEYRA CRUZ David','TIERRA NEGRA',1,'2025-03-05 12:10:36',NULL,NULL),('0613471',1,2,1,1,'14981','RANGEL VILCHERREZ Nixon Oberti','HUAQUILLAS MONTAÑA',1,'2025-03-05 12:10:36',NULL,NULL),('0613505',2,2,1,1,'15428','UBILLUS ANTUNEZ Juluissa Del Carmen','RODEOPAMPA',1,'2025-03-05 12:10:39',NULL,NULL),('0616557',2,2,1,1,'15454 MARIO VARGAS LLOSA','FRIAS GUERRERO María del Carmen','HUAMANI',1,'2025-03-05 12:10:40',NULL,NULL),('0616565',2,2,1,1,'15453 SAN FRANCISCO DE ASIS','REYES CASANOVA Dante Daniel','NUEVA ESPERANZA',1,'2025-03-05 12:10:39',NULL,NULL),('0616581',2,2,1,1,'15455','RIVERA LIZANA Edgard Alfredo','LOS LIRIOS',1,'2025-03-05 12:10:40',NULL,NULL),('0616599',2,2,1,1,'15456','ZEGARRA ARISMENDIZ Carlos Arturo','LA LAGUNA',1,'2025-03-05 12:10:40',NULL,NULL),('0620849',3,1,1,1,'128','PACHECO LOPEZ Gina Alina','TACARPO',1,'2025-03-05 12:10:22',NULL,NULL),('0620872',3,2,1,1,'14985','GARCIA CHINCHAY Laura','AGUPAMPA',1,'2025-03-05 12:10:37',NULL,NULL),('0620930',3,2,1,1,'15120','GUERRERO ELERA Lidia Consuelo','SHILCAYA',1,'2025-03-05 12:10:37',NULL,NULL),('0620963',4,2,1,1,'15200','FACUNDO MEZA Redy','LANCHALES',1,'2025-03-05 12:10:37',NULL,NULL),('0620997',3,2,1,1,'14962','TINCO HUILLCAYA Roberta Margarita','CHONTA',1,'2025-03-05 12:10:36',NULL,NULL),('0621375',1,1,1,1,'125','PUSMA NAIRA Iraida','YUMBE',1,'2025-03-05 12:10:22',NULL,NULL),('0621409',1,1,1,1,'126','GUERRERO GUERRERO Blanca','SHAPAYA',1,'2025-03-05 12:10:22',NULL,NULL),('0621433',1,1,1,1,'178','SUAREZ PEÑA Elva','PULUN',1,'2025-03-05 12:10:41',NULL,NULL),('0621490',2,3,1,3,'NUESTRA.SEÑORA.DEL PERPETUO SOCORRO','HUAMAN OJEDA Vilma','ÑANGALI',1,'2025-03-05 12:10:55',NULL,NULL),('0629469',2,2,1,1,'14991 THOMAS ALVA EDISON','TORRES CARRASCO Yanet','LA PERLA',1,'2025-03-05 12:10:37',NULL,NULL),('0630293',3,2,1,1,'15466 SEÑOR DE HUAMANTANGA','MOY CHAVEZ Carmen Zoraida','ZAMBUMBAL',1,'2025-03-05 12:10:40',NULL,NULL),('0635664',2,3,1,4,'JAVIER PEREZ DE CUELLAR','CASTILLO PEÑA Arminda Yovana','JICATE',1,'2025-03-05 12:10:52',NULL,NULL),('0635672',4,3,1,4,'PEDRO POTENCIANO CHOQUEHUANCA','VALLEJO ESQUIVEL Juana Victoria','ULPAMACHE',1,'2025-03-05 12:10:55',NULL,NULL),('0673962',2,2,1,1,'14415','ZURITA RAMIREZ Francisco Leonardo','EL ESPINO',1,'2025-03-05 12:10:23',NULL,NULL),('0673970',1,2,1,1,'14453','ALAMA BRICEÑO Yimy','EL PORVENIR',1,'2025-03-05 12:10:28',NULL,NULL),('0673996',2,2,1,1,'14517 VIRGEN DEL ROSARIO','ROMAN QUISPEN Nelcida','QUINUA',1,'2025-03-05 12:10:32',NULL,NULL),('0674010',3,2,1,1,'15473','GUERRERO ARICA Tomasa Gloria','PUCUTAY',1,'2025-03-05 12:10:40',NULL,NULL),('0674028',2,2,1,1,'15474','HERRERA HERREROS Nexar','CALDERON',1,'2025-03-05 12:10:40',NULL,NULL),('0674150',2,2,1,1,'15497 SEÑOR DE LOS MILAGROS','MONDRAGON CALDERON Obed','PARIAMARCA ALTO',1,'2025-03-05 12:10:40',NULL,NULL),('0674432',3,3,1,3,'SAN JOSE','CASTILLO GUERRERO José Florencio','CASHACOTO',1,'2025-03-05 12:10:56',NULL,NULL),('0674721',3,1,1,1,'379','HUANCAY JARAMILLO Carmen Alicia','TULUCE',1,'2025-03-05 12:10:48',NULL,NULL),('0674739',2,1,1,1,'14444','VELASCO ARIZAGA Patsy Irina','COMENDEROS',1,'2025-03-05 12:10:28',NULL,NULL),('0674952',2,2,1,1,'14421','NAIRA TRIPUL Andy','CHAMANAN',1,'2025-03-05 12:10:24',NULL,NULL),('0677815',2,2,1,1,'14480','HUAMAN CONCHA Agustin','QUILAN',1,'2025-03-05 12:10:32',NULL,NULL),('0677880',1,2,1,1,'14525','TINOCO SAMILLAN Yolanda Elizabeth','LOMA DE LA ESPERANZA',1,'2025-03-05 12:10:34',NULL,NULL),('0677898',1,2,1,1,'14560','GUERRERO SAAVEDRA Noe','CAJAS ALUMBRE',1,'2025-03-05 12:10:36',NULL,NULL),('0678003',2,8,1,1,'JUAN BAUTISTA LI PUMA','ELERA RIOS Mario Edmundo','HUANCABAMBA',1,'2025-03-05 12:10:54',NULL,NULL),('0698373',1,2,1,1,'14425','ZURITA NEIRA Lucrecia','HUAMBANACA',1,'2025-03-05 12:10:24',NULL,NULL),('0700161',4,3,1,3,'INCA ATAHUALPA','PEÑA CRUZ Santos Joel','EL LANCHE',1,'2025-03-05 12:10:52',NULL,NULL),('0719013',2,1,1,1,'CESAR VALLEJO','PASACHE RAMOS Orlando','MATARA',1,'2025-03-05 12:10:51',NULL,NULL),('0719021',3,1,1,1,'415','FLORES QUEVEDO Zeleni Milagros','AGUPAMPA',1,'2025-03-05 12:10:48',NULL,NULL),('0719039',3,2,1,1,'20003 SAN ANDRES','IDROGO SAAVEDRA Enedina','SEÑOR CAUTIVO',1,'2025-03-05 12:10:41',NULL,NULL),('0719047',4,2,1,1,'20021','FACUNDO HUAMAN Cesar Hernan','CEDRO',1,'2025-03-05 12:10:41',NULL,NULL),('0719054',1,1,1,1,'20044','PEÑA MORALES Olinda','SAPUN BAJO',1,'2025-03-05 12:10:42',NULL,NULL),('0719062',1,1,1,1,'14465','MAURIOLA OJEDA Jaime','SALALA',1,'2025-03-05 12:10:30',NULL,NULL),('0719070',1,2,1,1,'20033','MUÑOZ BARRERA Esguin Rimaneth','SAGRADO CORAZON DE JESUS',1,'2025-03-05 12:10:41',NULL,NULL),('0719088',1,2,1,1,'20040','RIVERA CLEMENTE Wilberto','HUACHUMO',1,'2025-03-05 12:10:42',NULL,NULL),('0719096',1,2,1,1,'20044','PEÑA MORALES Olinda','SAPUN BAJO',1,'2025-03-05 12:10:42',NULL,NULL),('0719724',1,2,1,1,'RICARDO PALMA','VEGA YOVERA Yesenia Yonani','ALAN GARCIA',1,'2025-03-05 12:10:55',NULL,NULL),('0737296',1,1,1,1,'461','MELENDREZ GARCÍA Maria Rumilda','SAN ANTONIO',1,'2025-03-05 12:10:48',NULL,NULL),('0737304',1,2,1,1,'20052','GUERRERO MATICORENA Amelia','PUNTA DEL RIO',1,'2025-03-05 12:10:42',NULL,NULL),('0737312',4,2,1,1,'20067','FACUNDO TORRES Dalinda','RODRIGUEZ DE MENDOZA',1,'2025-03-05 12:10:42',NULL,NULL),('0737320',1,2,1,1,'20068','CUNIA MANCHAY Elsa del Rosario','CERRO NEGRO',1,'2025-03-05 12:10:42',NULL,NULL),('0737338',3,2,1,1,'20070','BENDEZU GUTIERREZ Ana Rita Paz','CASHAYNAMO',1,'2025-03-05 12:10:42',NULL,NULL),('0737353',4,2,1,1,'20072','MEZA NEYRA Maria Olivia','SICLAMACHE',1,'2025-03-05 12:10:43',NULL,NULL),('0737361',2,2,1,1,'20069','Guerrero Torres Vilma','SAGRADO CORAZON DE JESUS',1,'2025-03-05 12:10:42',NULL,NULL),('0841361',3,2,1,1,'20415','MONROY QUIRO Mery Narcy','SAN JUAN DE HIGUERONES',1,'2025-03-05 12:10:45',NULL,NULL),('0841395',3,2,1,1,'20418','PEREZ HUAMAN Dulce Odalis','LA FLORIDA',1,'2025-03-05 12:10:45',NULL,NULL),('0848622',4,2,1,1,'20417','HERRERA ZURITA Hotencia','SICUR SANTA ROSA',1,'2025-03-05 12:10:45',NULL,NULL),('0848655',4,2,1,1,'20413','SURITA CAMPOS Doralisa','RUMI CORRAL',1,'2025-03-05 12:10:44',NULL,NULL),('0866442',2,2,1,1,'20414','ORTIZ VASQUEZ Rafael','SAQUIRAYUC ALTO',1,'2025-03-05 12:10:45',NULL,NULL),('0866475',2,2,1,1,'20411','AMAYA CASTRO Marianella del Rosario','AYURAN DEL CARMEN',1,'2025-03-05 12:10:44',NULL,NULL),('0866509',2,2,1,1,'20407','GUEVARA VELASCO Joaquin','CHONTAPAMPA',1,'2025-03-05 12:10:44',NULL,NULL),('0866533',1,2,1,1,'20416','DELGADO SAGASTEGUI Segundo Artidoro','HABASPITE',1,'2025-03-05 12:10:45',NULL,NULL),('0866590',1,2,1,1,'20402','VICENTE MANCHAY Mirtha Anali','PAN DE AZUCAR',1,'2025-03-05 12:10:44',NULL,NULL),('0866624',1,2,1,1,'14452 SANTA CLARA','RAMIREZ GUARNIZO DE ELERA Haydee','SAPALACHE',1,'2025-03-05 12:10:28',NULL,NULL),('0915124',1,3,1,3,'SAN JUAN DE LA FRONTERA','YOVERA MORE Jose Andres','HORMIGUERO',1,'2025-03-05 12:10:56',NULL,NULL),('0915157',1,3,1,3,'SEÑOR DE LOS MILAGROS','CRISANTO CASTILLO Yrma Elena','SALALA',1,'2025-03-05 12:10:56',NULL,NULL),('0915181',1,3,1,3,'14472 VIRGEN DE LAS MERCEDES','PINTADO NAIRA Mario','SHAPAYA',1,'2025-03-05 12:10:31',NULL,NULL),('0915215',2,3,1,4,'JOSE CARLOS MARIATEGUI','GUERRERO NEIRA Zoila Consuelo','JUZGARA',1,'2025-03-05 12:10:53',NULL,NULL),('0915249',1,3,1,4,'14458 SAN ANTONIO DE PADUA','GARCIA AGUILAR Paúl david','SAN ANTONIO',1,'2025-03-05 12:10:29',NULL,NULL),('0915330',2,5,1,2,'CEBA - MARIA INMACULADA','LA TORRE TOCTO Justi Deneyva','HUANCABAMBA',1,'2025-03-05 12:10:51',NULL,NULL),('0916163',2,1,1,1,'20407','GUEVARA VELASCO Joaquin','CHONTAPAMPA',1,'2025-03-05 12:10:44',NULL,NULL),('0916197',2,1,1,1,'14413','BARCO MORALES Deysi Marlene','LUCHO',1,'2025-03-05 12:10:23',NULL,NULL),('0916221',1,1,1,1,'14457 ALEJANDRO ELERA LITUMA','NEIRA CRUZ Elmer Gustavo','CAJAS CANCHAQUE',1,'2025-03-05 12:10:29',NULL,NULL),('0916254',3,1,1,1,'15412','TORRES ALVERCA Juver David','CHANTACO',1,'2025-03-05 12:10:39',NULL,NULL),('0916288',2,1,1,1,'712','MELENDRES MELENDRES Adelina','NUEVA ESPERANZA',1,'2025-03-05 12:10:48',NULL,NULL),('0916312',2,1,1,1,'14416 JESUS MI AMIGO','FACUNDO SALAS Dalinda Marianela','QUISPAMPA BAJO',1,'2025-03-05 12:10:23',NULL,NULL),('0916346',3,1,1,1,'14528 SAN MIGUEL ARCANGEL','VISAGA VEGA Alcides Felipe','CHURIPAMPA',1,'2025-03-05 12:10:34',NULL,NULL),('0916379',3,1,1,1,'14527','ELERA TORRES Guisselee','HUARICANCHE BAJO',1,'2025-03-05 12:10:34',NULL,NULL),('0916403',4,1,1,1,'14537 AUGUSTO SALAZAR BONDY','BURE QUIROGA José','HUAYLAS',1,'2025-03-05 12:10:35',NULL,NULL),('0916437',3,2,1,1,'20195','HUAMAN CRUZ Gloria Filomena','EL ROSARIO',1,'2025-03-05 12:10:43',NULL,NULL),('0916528',2,2,1,1,'20408','SANDOVAL ROMÁN María Cristina','NUNAMACHE',1,'2025-03-05 12:10:44',NULL,NULL),('0916825',1,3,1,3,'14471','CORDOVA MEZONES Raúl Abdel','EL CARMEN',1,'2025-03-05 12:10:31',NULL,NULL),('0939397',2,2,1,1,'20213','PLASENCIA MOSTACERO María Elsa','SAN MIGUEL DE CUMBICUS',1,'2025-03-05 12:10:43',NULL,NULL),('1016773',2,7,1,1,'NIÑO JESUS','LA TORRE VILITANGA Diana Yohany','HUANCABAMBA',1,'2025-03-05 12:10:55',NULL,NULL),('1018118',1,1,1,1,'788','CHUMACERO DE TORRES Yolanda Adelina','SAPUN ALTO',1,'2025-03-05 12:10:49',NULL,NULL),('1018159',1,1,1,1,'789','CORREA NAYRA Carmen','PUTAGA',1,'2025-03-05 12:10:49',NULL,NULL),('1018191',1,2,1,1,'20176','CHUQUIHUANGA PERALTA Yina Fiorela','CHAUPE ALTO',1,'2025-03-05 12:10:43',NULL,NULL),('1018233',1,2,1,1,'20230','CAMIZAN GARCIA Edilgar','CAXAS BAÑOS DEL INCA',1,'2025-03-05 12:10:43',NULL,NULL),('1018399',2,2,1,1,'20199','MORI SUAREZ Carlos Gines','LA RAMADA DEL INCA',1,'2025-03-05 12:10:43',NULL,NULL),('1018431',2,3,1,4,'CESAR VALLEJO','PASACHE RAMOS Orlando','MATARA',1,'2025-03-05 12:10:51',NULL,NULL),('1095900',4,2,1,1,'20185','HERRERA VELASCO Zenaida','NUEVO PORVENIR',1,'2025-03-05 12:10:43',NULL,NULL),('1095942',2,3,1,3,'15474','HERRERA HERREROS Nexar','CALDERON',1,'2025-03-05 12:10:40',NULL,NULL),('1096221',1,3,1,4,'14469','ZURITA ALVERCA Vidal','SICCE QUISTERIOS',1,'2025-03-05 12:10:30',NULL,NULL),('1096387',1,2,1,1,'20194','CHUQUILLANQUI GARCIA Isaias','PEÑA RICA',1,'2025-03-05 12:10:43',NULL,NULL),('1308089',4,3,1,3,'20486','CALDERON MORALES Fredy','LACCHAN ALTO',1,'2025-03-05 12:10:46',NULL,NULL),('1308097',1,3,1,4,'14466 CESAR TRELLES LARA','JUAREZ QUIROGA Kelly del Rosario','ROSARIOS BAJO',1,'2025-03-05 12:10:30',NULL,NULL),('1327337',3,3,1,4,'14518','VEGAS OROZCO VDS DE ALZAMORA Maria Santos','YANGUA',1,'2025-03-05 12:10:33',NULL,NULL),('1341734',1,3,1,3,'RICARDO PALMA','VEGA YOVERA Yesenia Yonani','ALAN GARCIA',1,'2025-03-05 12:10:55',NULL,NULL),('1363704',4,3,1,3,'LUIS ANTONIO PAREDES MACEDA','CHAYGUAQUE HUAMAN Lupe Maritza','EL LANCHE',1,'2025-03-05 12:10:54',NULL,NULL),('1363712',4,3,1,3,'20021','FACUNDO HUAMAN Cesar Hernan','CEDRO',1,'2025-03-05 12:10:41',NULL,NULL),('1380112',2,3,1,3,'14438 MARIA AUXILIADORA','GUERRERO MONTENEGRO Mely Del Pilar','SUCCHIL',1,'2025-03-05 12:10:27',NULL,NULL),('1400589',2,1,1,1,'14426 CARLOS AUGUSTO SALAVERRY','PEÑA PORTOCARRERO Elvis Jhonattan','TOCLLAPITE',1,'2025-03-05 12:10:24',NULL,NULL),('1400597',2,3,1,3,'14426 CARLOS AUGUSTO SALAVERRY','PEÑA PORTOCARRERO Elvis Jhonattan','TOCLLAPITE',1,'2025-03-05 12:10:25',NULL,NULL),('1400605',1,3,1,4,'14460 JUAN VELASCO ALVARADO','RONDOY CORTEZ Moises','TALANEO',1,'2025-03-05 12:10:29',NULL,NULL),('1413194',1,1,1,1,'RICARDO PALMA','VEGA YOVERA Yesenia Yonani','ALAN GARCIA',1,'2025-03-05 12:10:55',NULL,NULL),('1413202',1,1,1,1,'14469','ZURITA ALVERCA Vidal','SICCE QUISTERIOS',1,'2025-03-05 12:10:30',NULL,NULL),('1413210',1,1,1,1,'14466 CESAR TRELLES LARA','JUAREZ QUIROGA Kelly del Rosario','ROSARIOS BAJO',1,'2025-03-05 12:10:30',NULL,NULL),('1413228',1,1,1,1,'900','HERRERA SUAREZ Merly','TALANEO',1,'2025-03-05 12:10:49',NULL,NULL),('1435163',3,2,1,1,'20823','SILVA FERNÁNDEZ Willam','CHICOPE',1,'2025-03-05 12:10:46',NULL,NULL),('1441930',3,3,1,3,'14522 JUAN PABLO II','SANTOS NEIRA Julio','TACARPO',1,'2025-03-05 12:10:33',NULL,NULL),('1450030',2,3,1,3,'14427 SANTIAGO ROLANDO CANO RIVERA','CORDOVA MEZONES Gabby Mabel','PUNDIN',1,'2025-03-05 12:10:25',NULL,NULL),('1453380',2,3,1,3,'14429 RICARDO HUMBERTO RAMOS PLATA','NEIRA CRUZ Ramon','JACOCHA',1,'2025-03-05 12:10:26',NULL,NULL),('1465178',3,3,1,3,'14519','QUIROZ REYES Ana Cecilia','IMBO',1,'2025-03-05 12:10:33',NULL,NULL),('1516707',4,1,1,1,'14541','MEZA NEIRA Manuel Edgardo','VILELAPAMPA',1,'2025-03-05 12:10:35',NULL,NULL),('1516715',4,1,1,1,'20417','HERRERA ZURITA Hotencia','SICUR SANTA ROSA',1,'2025-03-05 12:10:45',NULL,NULL),('1516723',4,1,1,1,'20485','HERNANDEZ CHICCHON Marilu Domitila','LAGUNA AMARILLA',1,'2025-03-05 12:10:46',NULL,NULL),('1516731',4,1,1,1,'927','PEÑA MANCHAY Cruz María','LA SOCCHA',1,'2025-03-05 12:10:50',NULL,NULL),('1516749',4,1,1,1,'14534 JOSE ANTONIO ENCINAS','BERNA PEREZ Lazaro','LAS PAMPAS',1,'2025-03-05 12:10:35',NULL,NULL),('1516756',4,1,1,1,'929','JARA CORDOVA Keyla Anely','SICLAMACHE',1,'2025-03-05 12:10:50',NULL,NULL),('1516764',4,1,1,1,'930','MARTINEZ MAJUAN Eloa Melitza','LACCHAN BAJO',1,'2025-03-05 12:10:50',NULL,NULL),('1516772',4,1,1,1,'931','FACUNDO HERRARA Santos','RODRIGUEZ DE MENDOZA',1,'2025-03-05 12:10:50',NULL,NULL),('1522531',2,3,1,3,'14412','LOZADA CARRIÓN Juana Esther','TRES ACEQUIAS',1,'2025-03-05 12:10:23',NULL,NULL),('1528744',4,1,1,1,'15337','NEIRA ZURITA Teodoro','CUSMILAN',1,'2025-03-05 12:10:39',NULL,NULL),('1558345',2,2,1,1,'20465','CARRANZA GARCIA Armindo','VISTA ALEGRE',1,'2025-03-05 12:10:45',NULL,NULL),('1558352',1,2,1,1,'20466','GRANDA RUEDA Geyner','RIO BLANCO',1,'2025-03-05 12:10:45',NULL,NULL),('1558360',2,1,1,1,'AMERICAN SCHOOL','PAYANO PEREZ Lita Ysabel','HUANCABAMBA',1,'2025-03-05 12:10:50',NULL,NULL),('1558378',2,2,1,1,'AMERICAN SCHOOL','PAYANO PEREZ Lita Ysabel','HUANCABAMBA',1,'2025-03-05 12:10:51',NULL,NULL),('1558386',3,3,1,3,'SANTA ROSA','TAN VASQUEZ Orlando Rigoberto','TULUCE',1,'2025-03-05 12:10:56',NULL,NULL),('1558394',2,1,1,1,'DR. JAMES TELLO VIVANCO','NOLASCO IBAÑEZ Hady','JICATE',1,'2025-03-05 12:10:51',NULL,NULL),('1558402',2,1,1,1,'15454 MARIO VARGAS LLOSA','FRIAS GUERRERO María del Carmen','HUAMANI',1,'2025-03-05 12:10:40',NULL,NULL),('1558410',2,1,1,1,'14432 SANTA TERESA DE CALCUTA','PEÑA MEZA Lily Viviana','SINGO',1,'2025-03-05 12:10:27',NULL,NULL),('1558428',2,1,1,1,'14429 RICARDO HUMBERTO RAMOS PLATA','NEIRA CRUZ Ramon','JACOCHA',1,'2025-03-05 12:10:26',NULL,NULL),('1558436',2,1,1,1,'ISABEL FLORES DE OLIVA','FLORES CHINGUEL Felicia','HUANCACARPA BAJO',1,'2025-03-05 12:10:52',NULL,NULL),('1558444',1,1,1,1,'14471','CORDOVA MEZONES Raúl Abdel','EL CARMEN',1,'2025-03-05 12:10:30',NULL,NULL),('1558451',1,1,1,1,'SAN JUAN DE LA FRONTERA','YOVERA MORE Jose Andres','HORMIGUERO',1,'2025-03-05 12:10:56',NULL,NULL),('1558469',1,1,1,1,'15148','PEREZ MAMANI Rosemary Cossette','ROSARIOS ALTO',1,'2025-03-05 12:10:37',NULL,NULL),('1558485',3,1,1,1,'876','FACUNDO MEZA Jeanette','SHILCAYA',1,'2025-03-05 12:10:49',NULL,NULL),('1558493',4,1,1,1,'15369','PAREDES TICONA Segundina Lucila','MITUPAMPA',1,'2025-03-05 12:10:39',NULL,NULL),('1558501',4,1,1,1,'14536 MANUEL GONZALEZ PRADA','MACHADO ENRIQUEZ Neptali','UCHUPATA',1,'2025-03-05 12:10:35',NULL,NULL),('1558519',4,1,1,1,'879','NEYRA GUERRERO Olivia Anabel','NUEVO PORVENIR',1,'2025-03-05 12:10:49',NULL,NULL),('1558527',4,1,1,1,'14540','GALLARDO YUPANQUI Jorge Luis','ULPAMACHE',1,'2025-03-05 12:10:35',NULL,NULL),('1558535',4,1,1,1,'LUIS ANTONIO PAREDES MACEDA','CHAYGUAQUE HUAMAN Lupe Maritza','EL LANCHE',1,'2025-03-05 12:10:54',NULL,NULL),('1558543',2,1,1,1,'MARINA ROSA DE LOS ANDES','CURAY TALLEDO Zulita del Socorro','HUANCABAMBA',1,'2025-03-05 12:10:55',NULL,NULL),('1558550',2,2,1,1,'MARINA ROSA DE LOS ANDES','CURAY TALLEDO Zulita del Socorro','HUANCABAMBA',1,'2025-03-05 12:10:55',NULL,NULL),('1558576',2,2,1,1,'20481','CARRASCO MARTINEZ Sergio','BOTONAL',1,'2025-03-05 12:10:45',NULL,NULL),('1558584',2,2,1,1,'20482','HERRERA PEÑA Celia Marisol','GUAYABO',1,'2025-03-05 12:10:45',NULL,NULL),('1558592',2,2,1,1,'20483','NEIRA CRUZ Gladys Hermelinda','COMENDEROS ALTO',1,'2025-03-05 12:10:45',NULL,NULL),('1558600',4,2,1,1,'20484','ZAVALETA GARCIA Wilfredo','NUEVO BOLOGNESI',1,'2025-03-05 12:10:46',NULL,NULL),('1558618',4,2,1,1,'20485','HERNANDEZ CHICCHON Marilu Domitila','LAGUNA AMARILLA',1,'2025-03-05 12:10:46',NULL,NULL),('1558626',4,2,1,1,'20486','CALDERON MORALES Fredy','LACCHAN ALTO',1,'2025-03-05 12:10:46',NULL,NULL),('1558634',2,3,1,4,'15454 MARIO VARGAS LLOSA','FRIAS GUERRERO María del Carmen','HUAMANI',1,'2025-03-05 12:10:40',NULL,NULL),('1558642',4,3,1,3,'14536 MANUEL GONZALEZ PRADA','MACHADO ENRIQUEZ Neptali','UCHUPATA',1,'2025-03-05 12:10:35',NULL,NULL),('1558659',4,3,1,3,'14533 VICTOR RAUL HAYA DE LA TORRE','CANO HUAMAN Luz Marita','INGANO GRANDE',1,'2025-03-05 12:10:34',NULL,NULL),('1558667',4,3,1,3,'14537 AUGUSTO SALAZAR BONDY','BURE QUIROGA José','HUAYLAS',1,'2025-03-05 12:10:35',NULL,NULL),('1561026',2,1,1,1,'14411','PEÑA RIVERA Miguel','QUISPAMPA ALTO',1,'2025-03-05 12:10:23',NULL,NULL),('1561034',2,1,1,1,'14420','CHANTA PUSMA Florentino','HUANCACARPA ALTO',1,'2025-03-05 12:10:24',NULL,NULL),('1561042',2,1,1,1,'14423 SANTA ROSA DE LIMA','ESPINOZA PEÑA Sara Aracely','CABEZA',1,'2025-03-05 12:10:24',NULL,NULL),('1561059',2,1,1,1,'14428','HERRERA GARCÍA Griselda','CATALUCO',1,'2025-03-05 12:10:26',NULL,NULL),('1561067',2,1,1,1,'14431','MIJA RENTERÍA Iliana Guadadupe','SAUCE CHIQUITO',1,'2025-03-05 12:10:26',NULL,NULL),('1561075',2,1,1,1,'14438 MARIA AUXILIADORA','GUERRERO MONTENEGRO Mely Del Pilar','SUCCHIL',1,'2025-03-05 12:10:27',NULL,NULL),('1561083',2,1,1,1,'14451 ANTONIO RAIMONDI','NAIRA RENTERIA Cesar','JICATE ALTO',1,'2025-03-05 12:10:28',NULL,NULL),('1561091',1,1,1,1,'14456 DANIEL ALCIDES CARRION','SAAVEDRA GUERRERO Lilian Rosario','CHULUCANAS BAJO',1,'2025-03-05 12:10:29',NULL,NULL),('1561109',2,1,1,1,'14991 THOMAS ALVA EDISON','TORRES CARRASCO Yanet','LA PERLA',1,'2025-03-05 12:10:37',NULL,NULL),('1561117',2,1,1,1,'15146','FACUNDO APONTE Petronila','EL ALUMBRE',1,'2025-03-05 12:10:37',NULL,NULL),('1561125',1,1,1,1,'15302','HERRERA CASTILLO Socorro','CHULUCANAS ALTO',1,'2025-03-05 12:10:38',NULL,NULL),('1561133',2,1,1,1,'15428','UBILLUS ANTUNEZ Juluissa Del Carmen','RODEOPAMPA',1,'2025-03-05 12:10:39',NULL,NULL),('1561141',2,1,1,1,'15474','HERRERA HERREROS Nexar','CALDERON',1,'2025-03-05 12:10:40',NULL,NULL),('1561158',2,1,1,1,'20411','AMAYA CASTRO Marianella del Rosario','AYURAN DEL CARMEN',1,'2025-03-05 12:10:44',NULL,NULL),('1562586',1,3,1,3,'14456 DANIEL ALCIDES CARRION','SAAVEDRA GUERRERO Lilian Rosario','CHULUCANAS BAJO',1,'2025-03-05 12:10:29',NULL,NULL),('1562594',1,3,1,3,'14475','JIBAJA CALDERÓN Yeny','PEÑA BLANCA',1,'2025-03-05 12:10:32',NULL,NULL),('1562602',2,2,1,1,'20843','MELENDREZ JARAMILLOS Alegria','MONTE GRANDE',1,'2025-03-05 12:10:46',NULL,NULL),('1562610',1,2,1,1,'20844','ROJAS HERRERA Jenny Elizabeth','BELLAVISTA',1,'2025-03-05 12:10:47',NULL,NULL),('1566710',1,1,1,1,'15147 DIVINO NIÑO JESUS','SAAVEDRA PEÑA Silvia Janet','HUAQUILLAS SIERRA',1,'2025-03-05 12:10:37',NULL,NULL),('1566728',2,1,1,1,'14408 VIRGEN DE LAS MERCEDES','SIN DIRECTOR','RAMON CASTILLA',1,'2025-03-05 12:10:23',NULL,NULL),('1566736',2,1,1,1,'14427 SANTIAGO ROLANDO CANO RIVERA','CORDOVA MEZONES Gabby Mabel','PUNDIN',1,'2025-03-05 12:10:26',NULL,NULL),('1578319',2,3,1,3,'14420','CHANTA PUSMA Florentino','HUANCACARPA ALTO',1,'2025-03-05 12:10:24',NULL,NULL),('1578707',4,3,1,3,'14534 JOSE ANTONIO ENCINAS','BERNA PEREZ Lazaro','LAS PAMPAS',1,'2025-03-05 12:10:35',NULL,NULL),('1589092',3,1,1,1,'15252','SILVERA CCAPAYA Mercedes','SHUMAYA',1,'2025-03-05 12:10:38',NULL,NULL),('1589100',3,1,1,1,'20003 SAN ANDRES','IDROGO SAAVEDRA Enedina','SEÑOR CAUTIVO',1,'2025-03-05 12:10:41',NULL,NULL),('1589118',3,1,1,1,'1100','CANDELA MOLINA María Magdalena','YANGUA',1,'2025-03-05 12:10:21',NULL,NULL),('1589126',3,1,1,1,'20070','BENDEZU GUTIERREZ Ana Rita Paz','CASHAYNAMO',1,'2025-03-05 12:10:42',NULL,NULL),('1589134',3,1,1,1,'15103','SILVA RUIZ Juany Mercedes','QUEVEDOS',1,'2025-03-05 12:10:37',NULL,NULL),('1589142',3,1,1,1,'15240','CAMPOS PEÑAFIEL Alex','GUARDALAPA',1,'2025-03-05 12:10:38',NULL,NULL),('1589159',3,1,1,1,'20418','PEREZ HUAMAN Dulce Odalis','LA FLORIDA',1,'2025-03-05 12:10:45',NULL,NULL),('1589167',3,1,1,1,'14519','QUIROZ REYES Ana Cecilia','IMBO',1,'2025-03-05 12:10:33',NULL,NULL),('1589175',3,1,1,1,'14524','GUEVARA OJEDA Severino','MANCUCUR',1,'2025-03-05 12:10:33',NULL,NULL),('1589183',3,1,1,1,'14526','GARCIA GARCIA Nelly Orfelinda','CHIRIMOYO',1,'2025-03-05 12:10:34',NULL,NULL),('1589191',3,1,1,1,'14962','TINCO HUILLCAYA Roberta Margarita','CHONTA',1,'2025-03-05 12:10:36',NULL,NULL),('1589209',4,1,1,1,'14542','LABAN ADRIANZEN Rosana Madeline','TIERRA NEGRA',1,'2025-03-05 12:10:36',NULL,NULL),('1589217',4,1,1,1,'20484','ZAVALETA GARCIA Wilfredo','NUEVO BOLOGNESI',1,'2025-03-05 12:10:46',NULL,NULL),('1589225',4,1,1,1,'14533 VICTOR RAUL HAYA DE LA TORRE','CANO HUAMAN Luz Marita','INGANO GRANDE',1,'2025-03-05 12:10:34',NULL,NULL),('1589233',4,1,1,1,'20021','FACUNDO HUAMAN Cesar Hernan','CEDRO',1,'2025-03-05 12:10:41',NULL,NULL),('1589241',4,1,1,1,'20486','CALDERON MORALES Fredy','LACCHAN ALTO',1,'2025-03-05 12:10:46',NULL,NULL),('1589258',4,1,1,1,'1114','ADRIANO HUAMAN Elizabeth del Carmen','LA LIMA',1,'2025-03-05 12:10:21',NULL,NULL),('1589266',1,1,1,1,'1115','MIRANDA CASTAÑEDA Teresa Cecilia','PEÑA RICA',1,'2025-03-05 12:10:22',NULL,NULL),('1589274',1,1,1,1,'14453','ALAMA BRICEÑO Yimy','EL PORVENIR',1,'2025-03-05 12:10:28',NULL,NULL),('1589290',1,1,1,1,'1117','TIBURCIO TORRES Eufemia','HUACHUMO',1,'2025-03-05 12:10:22',NULL,NULL),('1589308',1,1,1,1,'1118','RAMIREZ RAMIREZ María Elena','LOMA DE LA ESPERANZA',1,'2025-03-05 12:10:22',NULL,NULL),('1589316',1,1,1,1,'JUAN PABLO II','GARCÍA MORALES Jose Anibal','TAMBILLO',1,'2025-03-05 12:10:54',NULL,NULL),('1589324',1,1,1,1,'20402','VICENTE MANCHAY Mirtha Anali','PAN DE AZUCAR',1,'2025-03-05 12:10:44',NULL,NULL),('1589332',1,1,1,1,'1121','CHINCHAY CRUZ Santos Eusebia','CHAUPE BAJO',1,'2025-03-05 12:10:22',NULL,NULL),('1589340',1,1,1,1,'14454','JULCA GRANDA Felizardo','MONCHURUCO',1,'2025-03-05 12:10:29',NULL,NULL),('1589357',2,1,1,1,'20847','GUERRERO SALVADOR Leonel Mercedes','QUISPE BAJO',1,'2025-03-05 12:10:47',NULL,NULL),('1589365',2,1,1,1,'14415','ZURITA RAMIREZ Francisco Leonardo','EL ESPINO',1,'2025-03-05 12:10:23',NULL,NULL),('1589373',2,1,1,1,'1125','MAMANI CHOQUEHUANCA Yaneth','MONTE GRANDE',1,'2025-03-05 12:10:22',NULL,NULL),('1589381',2,1,1,1,'14433','FLORES SUPO Sonia Cristina','CORDOVA',1,'2025-03-05 12:10:27',NULL,NULL),('1589399',1,1,1,1,'20230','CAMIZAN GARCIA Edilgar','CAXAS BAÑOS DEL INCA',1,'2025-03-05 12:10:43',NULL,NULL),('1621952',2,2,1,1,'20847','GUERRERO SALVADOR Leonel Mercedes','QUISPE BAJO',1,'2025-03-05 12:10:47',NULL,NULL),('1621960',1,3,1,3,'14462','PEÑA CARRASCO Orlando','YUMBE',1,'2025-03-05 12:10:30',NULL,NULL),('1634567',2,3,1,3,'14437','GIL CRUZ Gilmer','PARIAMARCA CENTRO',1,'2025-03-05 12:10:27',NULL,NULL),('1680826',2,1,1,1,'JOSE ANTONIO ENCINAS FRANCO','CARHUATOCTO CURAY Chester Camilo','CATULUN',1,'2025-03-05 12:10:53',NULL,NULL),('1680834',2,1,1,1,'15456','ZEGARRA ARISMENDIZ Carlos Arturo','LA LAGUNA',1,'2025-03-05 12:10:40',NULL,NULL),('1685247',2,1,1,1,'14437','GIL CRUZ Gilmer','PARIAMARCA CENTRO',1,'2025-03-05 12:10:27',NULL,NULL),('1695576',2,3,1,3,'JOSE ANTONIO ENCINAS FRANCO','CARHUATOCTO CURAY Chester Camilo','CATULUN',1,'2025-03-05 12:10:53',NULL,NULL),('1705045',2,3,1,3,'14451 ANTONIO RAIMONDI','NAIRA RENTERIA Cesar','JICATE ALTO',1,'2025-03-05 12:10:28',NULL,NULL),('1714682',3,1,1,1,'1528','RAMIREZ ARRIETA Graciela Haidee','MARAYPAMPA',1,'2025-03-05 12:10:38',NULL,NULL),('1714690',4,1,1,1,'14963','CALDERON MORALES Dergi','LIMON',1,'2025-03-05 12:10:36',NULL,NULL),('1714708',4,1,1,1,'1530','GUZMAN MACHACA Yovanna Iris','JAMANGA',1,'2025-03-05 12:10:38',NULL,NULL),('1714716',2,1,1,1,'14480','HUAMAN CONCHA Agustin','QUILAN',1,'2025-03-05 12:10:32',NULL,NULL),('1714724',2,1,1,1,'1532','HUAMÁN OCAÑA Carmen Madaleyne','ALIGUAY',1,'2025-03-05 12:10:38',NULL,NULL),('1714732',2,1,1,1,'14443','MORETO MAJUAN Luz Delia','LAUMACHE',1,'2025-03-05 12:10:28',NULL,NULL),('1714740',2,1,1,1,'14419','ZEGARRA ARISMENDIZ Pedro Miguel','JIMACA',1,'2025-03-05 12:10:24',NULL,NULL),('1714757',2,1,1,1,'1535 VIRGEN DEL CARMEN','MILIAN REAÑO Natalia Elizabeth','EL ATERRIZAJE',1,'2025-03-05 12:10:39',NULL,NULL),('1714765',2,1,1,1,'14972','NEYRA CRUZ David','TIERRA NEGRA',1,'2025-03-05 12:10:36',NULL,NULL),('1714773',2,1,1,1,'1537','BAUTISTA GARCÍA Yudit','LOS LIRIOS',1,'2025-03-05 12:10:39',NULL,NULL),('1714781',2,1,1,1,'15497 SEÑOR DE LOS MILAGROS','MONDRAGON CALDERON Obed','PARIAMARCA ALTO',1,'2025-03-05 12:10:40',NULL,NULL),('1714799',4,1,1,1,'1539','FACUNDO HUAMAN Maritza','LOS OLIVOS',1,'2025-03-05 12:10:39',NULL,NULL),('1738160',2,6,1,1,'NIÑO JESUS','LA TORRE VILITANGA Diana Yohany','HUANCABAMBA',1,'2025-03-05 12:10:55',NULL,NULL),('1745876',1,1,1,1,'1569','NEIRA PEÑA Bethsabe Naquilini','CONGONA',1,'2025-03-05 12:10:40',NULL,NULL),('1745884',4,1,1,1,'1570','MINAYA MODESTO Liliana Rocio','SHANGA',1,'2025-03-05 12:10:40',NULL,NULL),('1745892',4,1,1,1,'1571','HERRERA NEYRA Susy Magdalena','CHILCAPUN',1,'2025-03-05 12:10:41',NULL,NULL),('1748060',1,3,1,3,'14457 ALEJANDRO ELERA LITUMA','NEIRA CRUZ Elmer Gustavo','CAJAS CANCHAQUE',1,'2025-03-05 12:10:29',NULL,NULL),('1749696',2,2,1,1,'1535 VIRGEN DEL CARMEN','MILIAN REAÑO Natalia Elizabeth','EL ATERRIZAJE',1,'2025-03-05 12:10:39',NULL,NULL),('1749704',4,2,1,1,'1530','GUZMAN MACHACA Yovanna Iris','JAMANGA',1,'2025-03-05 12:10:38',NULL,NULL),('1750959',2,3,1,3,'14517 VIRGEN DEL ROSARIO','ROMAN QUISPEN Nelcida','QUINUA',1,'2025-03-05 12:10:32',NULL,NULL),('1750967',4,2,1,1,'1570','MINAYA MODESTO Liliana Rocio','SHANGA',1,'2025-03-05 12:10:40',NULL,NULL),('1765445',2,8,1,1,'GLOBAL MIN PERU','ROSADAN','HUANCABAMBA',1,'2025-03-05 12:10:52',NULL,NULL),('1771997',2,1,1,1,'14517 VIRGEN DEL ROSARIO','ROMAN QUISPEN Nelcida','QUINUA',1,'2025-03-05 12:10:33',NULL,NULL),('1779206',1,2,1,1,'20883','MARTINEZ BERMEO Jose Isabel','CRUZ DE SANTA ROSA',1,'2025-03-05 12:10:47',NULL,NULL),('1779214',1,2,1,1,'20884','GUERRERO ARICA Maria Cleofe','LAS HUARINGAS',1,'2025-03-05 12:10:47',NULL,NULL),('1779222',4,2,1,1,'20885','MEDINA BLAS Antonia Margarita','LALOPAMPA',1,'2025-03-05 12:10:47',NULL,NULL),('1779230',2,2,1,1,'20886','SURITA GUEVARA Maria Esther','LOS CRISTALES',1,'2025-03-05 12:10:48',NULL,NULL),('1779610',4,2,1,1,'20888','HUAYAMA HUAMAN Norbil','NUEVA LIBERTAD',1,'2025-03-05 12:10:48',NULL,NULL),('1781210',2,1,1,1,'20481','CARRASCO MARTINEZ Sergio','BOTONAL',1,'2025-03-05 12:10:45',NULL,NULL),('1781228',1,1,1,1,'20883','MARTINEZ BERMEO Jose Isabel','CRUZ DE SANTA ROSA',1,'2025-03-05 12:10:47',NULL,NULL),('1785914',1,1,1,1,'1607','FACUNDO MEZA Carmen Arnely','SELVA ANDINA',1,'2025-03-05 12:10:41',NULL,NULL),('1789429',2,1,1,1,'20199','MORI SUAREZ Carlos Gines','LA RAMADA DEL INCA',1,'2025-03-05 12:10:43',NULL,NULL),('1793439',2,3,1,3,'14991 THOMAS ALVA EDISON','TORRES CARRASCO Yanet','LA PERLA',1,'2025-03-05 12:10:37',NULL,NULL),('1793868',1,1,1,1,'14475','JIBAJA CALDERÓN Yeny','PEÑA BLANCA',1,'2025-03-05 12:10:31',NULL,NULL),('1795756',2,1,1,1,'15326','JIBAJA CARHUAPOMA Rosa Elena','EL TAMBO',1,'2025-03-05 12:10:38',NULL,NULL),('1795962',1,3,1,3,'14453','ALAMA BRICEÑO Yimy','EL PORVENIR',1,'2025-03-05 12:10:28',NULL,NULL),('1796333',3,3,1,3,'14528 SAN MIGUEL ARCANGEL','VISAGA VEGA Alcides Felipe','CHURIPAMPA',1,'2025-03-05 12:10:34',NULL,NULL),('1796754',3,1,1,1,'15466 SEÑOR DE HUAMANTANGA','MOY CHAVEZ Carmen Zoraida','ZAMBUMBAL',1,'2025-03-05 12:10:40',NULL,NULL),('1800515',2,2,1,1,'167','MANZANARES GOMEZ Jaqueline Jessica','LA VILLA',1,'2025-03-05 12:10:41',NULL,NULL),('200006',2,9,1,5,'UGEL HUANCABAMBA','FURLONG GÓMEZ Willian Nelson','HUANCABAMBA',1,'2025-03-05 12:10:20',NULL,NULL),('3003787',3,2,1,1,'20892','SANCHEZ ASENJO Delci Mirtha','NUEVA ALIANZA',1,'2025-03-05 12:10:20',NULL,NULL),('3041001',3,1,1,1,'20892','SANCHEZ ASENJO Delci Mirtha','NUEVA ALIANZA',1,'2025-03-05 12:10:21',NULL,NULL),('341040',1,2,1,1,'14463','GUERRERO JAIME Deicy Grimanes','PULUN',1,'2025-03-05 12:10:30',NULL,NULL),('737346',4,2,1,1,'20071','LLATAS CARRERO Nelida','LA LIMA',1,'2025-03-05 12:10:43',NULL,NULL),('866566',1,2,1,1,'20412','NEYRA PANTA Francisco','PINGULA',1,'2025-03-05 12:10:44',NULL,NULL);
/*!40000 ALTER TABLE `institucion` ENABLE KEYS */;
UNLOCK TABLES;

--
-- Table structure for table `nivel_educativo`
--

DROP TABLE IF EXISTS `nivel_educativo`;
/*!40101 SET @saved_cs_client     = @@character_set_client */;
/*!50503 SET character_set_client = utf8mb4 */;
CREATE TABLE `nivel_educativo` (
  `idNivelEducativo` int NOT NULL AUTO_INCREMENT,
  `nombreNivel` varchar(45) COLLATE utf8mb4_general_ci NOT NULL,
  `estado` int NOT NULL DEFAULT '1',
  PRIMARY KEY (`idNivelEducativo`)
) ENGINE=InnoDB AUTO_INCREMENT=10 DEFAULT CHARSET=utf8mb4 COLLATE=utf8mb4_general_ci;
/*!40101 SET character_set_client = @saved_cs_client */;

--
-- Dumping data for table `nivel_educativo`
--

LOCK TABLES `nivel_educativo` WRITE;
/*!40000 ALTER TABLE `nivel_educativo` DISABLE KEYS */;
INSERT INTO `nivel_educativo` VALUES (1,'inicial - jardín',1),(2,'primaria',1),(3,'secundaria',1),(4,'EBA - inicial e intermedio',1),(5,'EBA avanzado',1),(6,'básica especial - inicial',1),(7,'básica especial - primaria',1),(8,'técnico productivo',1),(9,'otros',1);
/*!40000 ALTER TABLE `nivel_educativo` ENABLE KEYS */;
UNLOCK TABLES;

--
-- Table structure for table `personal`
--

DROP TABLE IF EXISTS `personal`;
/*!40101 SET @saved_cs_client     = @@character_set_client */;
/*!50503 SET character_set_client = utf8mb4 */;
CREATE TABLE `personal` (
  `idPersonal` int NOT NULL AUTO_INCREMENT,
  `idInstitucion` varchar(10) COLLATE utf8mb4_general_ci NOT NULL,
  `idTurnoPersonal` int DEFAULT '1',
  `dniPersonal` varchar(8) COLLATE utf8mb4_general_ci NOT NULL,
  `nombrePersonal` varchar(60) COLLATE utf8mb4_general_ci NOT NULL,
  `idReloj` int NOT NULL,
  `estado` int DEFAULT '1',
  `fechaCreado` datetime DEFAULT NULL,
  `fechaActualizado` datetime DEFAULT NULL,
  `fechaEliminado` datetime DEFAULT NULL,
  PRIMARY KEY (`idPersonal`),
  KEY `fx_idInstitucion_idx` (`idInstitucion`),
  KEY `fx_idTurnoPersonal_idx` (`idTurnoPersonal`),
  CONSTRAINT `fx_idInstitucion_personal` FOREIGN KEY (`idInstitucion`) REFERENCES `institucion` (`idInstitucion`),
  CONSTRAINT `fx_idTurnoPersonal` FOREIGN KEY (`idTurnoPersonal`) REFERENCES `turno_personal` (`idTurnoPersonal`)
) ENGINE=InnoDB AUTO_INCREMENT=54 DEFAULT CHARSET=utf8mb4 COLLATE=utf8mb4_general_ci;
/*!40101 SET character_set_client = @saved_cs_client */;

--
-- Dumping data for table `personal`
--

LOCK TABLES `personal` WRITE;
/*!40000 ALTER TABLE `personal` DISABLE KEYS */;
INSERT INTO `personal` VALUES (1,'200006',6,'03663152','MIGUEL AUGUSTO ARAMBULO GARCIA',1,1,'2025-04-09 10:59:56',NULL,NULL),(2,'200006',6,'46318530','RENEE SANDOVAL OLAYA',2,1,'2025-04-09 11:00:56',NULL,NULL),(3,'200006',6,'73701210','LUCIA DEL PILAR MAZA OROZCO',3,1,'2025-04-09 11:01:32',NULL,NULL),(4,'200006',6,'48070796','YURMICILA SANTOS OCUPA',4,1,'2025-04-09 11:12:04',NULL,NULL),(5,'200006',6,'47036177','DINORA ILVANIA GONZA PINTADO',5,1,'2025-04-09 11:13:00',NULL,NULL),(6,'200006',6,'70944387','ELMER NAIRA GUERRERO',6,1,'2025-04-09 11:13:34',NULL,NULL),(7,'200006',6,'41454318','JOHN WESSLEY FACUNDO HUAMAN',7,1,'2025-04-09 11:14:07',NULL,NULL),(8,'200006',6,'03657647','FRANCISCO GUTIERREZ GARCIA',8,1,'2025-04-09 11:14:42',NULL,NULL),(9,'200006',6,'02836235','WALTER CASTILLO GUERRERO',9,1,'2025-04-09 11:15:40',NULL,NULL),(10,'200006',6,'03244148','GUIDO VLADIMIR CORDOVA MEZONES',11,1,'2025-04-09 11:20:11',NULL,NULL),(11,'200006',6,'43601302','WILSON NEIRA MELENDRES',12,1,'2025-04-09 11:20:40',NULL,NULL),(12,'200006',6,'46924384','DORIS NATHALI RIVERA ADRIANO',13,1,'2025-04-09 11:21:18',NULL,NULL),(13,'200006',6,'47644018','MIRIAM YANATY NEYRA ALBERCA',14,1,'2025-04-09 11:21:46',NULL,NULL),(14,'200006',6,'21142436','DARSI PANDURO PEREZ',15,1,'2025-04-09 11:22:31',NULL,NULL),(15,'200006',6,'73146457','ROSALINA OZETA SILVA',16,1,'2025-04-09 11:52:19',NULL,NULL),(16,'200006',6,'41882264','MARIBEL JIMENEZ CÓRDOVA',17,1,'2025-04-09 11:53:12',NULL,NULL),(17,'200006',6,'02848808','OTILIA MARIANELA CARRASCO CASTILLO',18,1,'2025-04-09 11:53:44',NULL,NULL),(18,'200006',6,'71717520','MILAGROS DÍAZ ESPINOZA',19,1,'2025-04-09 11:54:16',NULL,NULL),(19,'200006',6,'40831132','JANET DE LOURDES FACUNDO TORRES',20,1,'2025-04-09 11:54:46',NULL,NULL),(20,'200006',6,'45214232','PEDRO HUAYAMA CALDERON',21,1,'2025-04-09 11:55:21',NULL,NULL),(21,'200006',6,'16785039','MARICELA DEL CARMEN CHUMACERO BARCO',22,1,'2025-04-09 11:55:56',NULL,NULL),(22,'200006',6,'41098129','MICHEL PALACIOS BERMEO',23,1,'2025-04-09 11:56:26',NULL,NULL),(23,'200006',6,'43944161','HENRY DOMINGUEZ BRAVO',24,1,'2025-04-09 11:56:59',NULL,NULL),(24,'200006',6,'46195460','MIXY ADRIANZEN GOMEZ',25,1,'2025-04-09 12:00:20',NULL,NULL),(25,'200006',6,'72167877','KARIN GIULIANA SANTIN HUANCA',26,1,'2025-04-09 12:00:51',NULL,NULL),(26,'200006',6,'02812284','VIVIANA JESUS TABOADA ROJAS',27,1,'2025-04-09 12:01:22',NULL,NULL),(27,'200006',6,'02772267','ABRAHAM ESPINOZA CHINCHAY',29,1,'2025-04-09 12:02:01',NULL,NULL),(28,'200006',6,'42395751','CYNTHIA PAOLA RAMIREZ POZO',30,1,'2025-04-09 12:02:38',NULL,NULL),(29,'200006',6,'03234950','MARIA DEL CARMEN OJEDA MAURIOLA',32,1,'2025-04-09 12:03:08',NULL,NULL),(30,'200006',6,'73014930','MARIA ELIZABETH PUELLES GARCIA',34,1,'2025-04-09 12:03:42',NULL,NULL),(31,'200006',6,'77502150','YOMIRA SOLEY FEBRE PARIATON',35,1,'2025-04-09 12:05:41',NULL,NULL),(32,'200006',6,'03234374','TOMAS WALDIR BOBADILLA PELTROCHE',37,1,'2025-04-09 12:06:16',NULL,NULL),(33,'200006',6,'47424009','GABRIEL SAAVEDRA COBA',39,1,'2025-04-09 12:07:08',NULL,NULL),(34,'200006',6,'40378498','DILCIA DEL MILAGRO ZETA GARCIA',40,1,'2025-04-09 12:07:36',NULL,NULL),(35,'200006',6,'00370845','MARY CEDELINDA MANCHAY PALACIOS',41,1,'2025-04-09 12:08:12',NULL,NULL),(36,'200006',6,'41529887','YANET CUTIN GARCIA',42,1,'2025-04-09 12:08:43',NULL,NULL),(37,'200006',6,'03233512','EULER HUAMAN UBILLUS',43,1,'2025-04-09 12:09:20',NULL,NULL),(38,'200006',6,'03234951','ROSARIO PETRONILA MARTINEZ SAAVEDRA',44,1,'2025-04-09 12:09:50',NULL,NULL),(39,'200006',6,'03244379','CESAR ELERA TORRES',45,1,'2025-04-09 12:10:23',NULL,NULL),(40,'200006',6,'47311359','SEGUNDO TOMAS GUEVARA CHINGUEL',46,1,'2025-04-09 12:10:53',NULL,NULL),(41,'200006',6,'43482096','CHRISTIAN RAMIRO CHOQUEHUANCA GARCIA',47,1,'2025-04-09 12:11:21',NULL,NULL),(42,'200006',6,'03206574','CARMEN MARIA PEÑA GUERRERO',48,1,'2025-04-09 12:11:54',NULL,NULL),(43,'200006',6,'03209520','ANGEL SALVADOR RAMIREZ',51,1,'2025-04-09 12:12:29',NULL,NULL),(44,'200006',6,'02883986','MARIELA ARACELIS VENCES CORONADO',52,1,'2025-04-09 12:13:17',NULL,NULL),(45,'200006',6,'03595398','CARMEN GIRON MANRIQUE',53,1,'2025-04-09 12:14:01',NULL,NULL),(46,'200006',6,'45940250','LASTENIA MILAGROS OCAÑA ALBERCA',54,1,'2025-04-09 12:14:26',NULL,NULL),(47,'200006',6,'03200557','ELIZABETH CHINGUEL CARHUATOCTO',55,1,'2025-04-09 12:14:56',NULL,NULL),(48,'200006',6,'46445247','LUZ MARIA RIVERA NEIRA',57,1,'2025-04-09 12:15:26',NULL,NULL),(49,'200006',6,'03233549','SILVIA ELENA VELASCO CHOQUEHUANCA',58,1,'2025-04-09 12:15:50',NULL,NULL),(50,'200006',6,'03655537','PERCY PAÚL CUBAS RAMIREZ',59,1,'2025-04-09 12:16:18',NULL,NULL),(51,'200006',6,'03300251','ALFREDO ALZAMORA AREVALO',60,1,'2025-04-09 12:16:46',NULL,NULL),(52,'200006',6,'42476081','PAQUITA CECILIA CARHUATOCTO CURAY',63,1,'2025-04-09 12:17:16',NULL,NULL),(53,'200006',6,'41789353','LESLIE EVELYN ELERA VELASCO',68,1,'2025-04-09 12:17:50',NULL,NULL);
/*!40000 ALTER TABLE `personal` ENABLE KEYS */;
UNLOCK TABLES;

--
-- Table structure for table `registro_asistencia`
--

DROP TABLE IF EXISTS `registro_asistencia`;
/*!40101 SET @saved_cs_client     = @@character_set_client */;
/*!50503 SET character_set_client = utf8mb4 */;
CREATE TABLE `registro_asistencia` (
  `idRegistroAsistencia` int NOT NULL AUTO_INCREMENT,
  `idInstitucion` varchar(10) CHARACTER SET utf8mb4 COLLATE utf8mb4_general_ci NOT NULL,
  `idPersonal` int NOT NULL,
  `fechaRegistro` date DEFAULT NULL,
  `primeraEntrada` time DEFAULT NULL,
  `primeraSalida` time DEFAULT NULL,
  `segundaEntrada` time DEFAULT NULL,
  `segundaSalida` time DEFAULT NULL,
  `estado` int DEFAULT '1',
  `fechaCreado` datetime DEFAULT NULL,
  `fechaActualizado` datetime DEFAULT NULL,
  `fechaEliminado` datetime DEFAULT NULL,
  PRIMARY KEY (`idRegistroAsistencia`),
  KEY `fx_idInstitucion_asistencia_idx` (`idInstitucion`),
  KEY `fx_idPersonal_idx` (`idPersonal`),
  CONSTRAINT `fx_idInstitucion_asistencia` FOREIGN KEY (`idInstitucion`) REFERENCES `institucion` (`idInstitucion`),
  CONSTRAINT `fx_idPersonal` FOREIGN KEY (`idPersonal`) REFERENCES `personal` (`idPersonal`)
) ENGINE=InnoDB DEFAULT CHARSET=utf8mb4 COLLATE=utf8mb4_general_ci;
/*!40101 SET character_set_client = @saved_cs_client */;

--
-- Dumping data for table `registro_asistencia`
--

LOCK TABLES `registro_asistencia` WRITE;
/*!40000 ALTER TABLE `registro_asistencia` DISABLE KEYS */;
/*!40000 ALTER TABLE `registro_asistencia` ENABLE KEYS */;
UNLOCK TABLES;

--
-- Table structure for table `rol_usuario`
--

DROP TABLE IF EXISTS `rol_usuario`;
/*!40101 SET @saved_cs_client     = @@character_set_client */;
/*!50503 SET character_set_client = utf8mb4 */;
CREATE TABLE `rol_usuario` (
  `idRolUsuario` int NOT NULL AUTO_INCREMENT,
  `nombreRol` varchar(45) COLLATE utf8mb4_general_ci NOT NULL,
  `estado` int NOT NULL DEFAULT '1',
  PRIMARY KEY (`idRolUsuario`)
) ENGINE=InnoDB AUTO_INCREMENT=3 DEFAULT CHARSET=utf8mb4 COLLATE=utf8mb4_general_ci;
/*!40101 SET character_set_client = @saved_cs_client */;

--
-- Dumping data for table `rol_usuario`
--

LOCK TABLES `rol_usuario` WRITE;
/*!40000 ALTER TABLE `rol_usuario` DISABLE KEYS */;
INSERT INTO `rol_usuario` VALUES (1,'administrador',1),(2,'directivo',1);
/*!40000 ALTER TABLE `rol_usuario` ENABLE KEYS */;
UNLOCK TABLES;

--
-- Table structure for table `turno_institucion`
--

DROP TABLE IF EXISTS `turno_institucion`;
/*!40101 SET @saved_cs_client     = @@character_set_client */;
/*!50503 SET character_set_client = utf8mb4 */;
CREATE TABLE `turno_institucion` (
  `idTurnoInstitucion` int NOT NULL AUTO_INCREMENT,
  `nombreTurno` varchar(45) NOT NULL,
  `estado` int DEFAULT '1',
  PRIMARY KEY (`idTurnoInstitucion`)
) ENGINE=InnoDB AUTO_INCREMENT=3 DEFAULT CHARSET=utf8mb4 COLLATE=utf8mb4_0900_ai_ci;
/*!40101 SET character_set_client = @saved_cs_client */;

--
-- Dumping data for table `turno_institucion`
--

LOCK TABLES `turno_institucion` WRITE;
/*!40000 ALTER TABLE `turno_institucion` DISABLE KEYS */;
INSERT INTO `turno_institucion` VALUES (1,'uno',1),(2,'dos',1);
/*!40000 ALTER TABLE `turno_institucion` ENABLE KEYS */;
UNLOCK TABLES;

--
-- Table structure for table `turno_personal`
--

DROP TABLE IF EXISTS `turno_personal`;
/*!40101 SET @saved_cs_client     = @@character_set_client */;
/*!50503 SET character_set_client = utf8mb4 */;
CREATE TABLE `turno_personal` (
  `idTurnoPersonal` int NOT NULL AUTO_INCREMENT,
  `nombreTurno` varchar(45) NOT NULL,
  `estado` int DEFAULT '1',
  PRIMARY KEY (`idTurnoPersonal`)
) ENGINE=InnoDB AUTO_INCREMENT=7 DEFAULT CHARSET=utf8mb4 COLLATE=utf8mb4_0900_ai_ci;
/*!40101 SET character_set_client = @saved_cs_client */;

--
-- Dumping data for table `turno_personal`
--

LOCK TABLES `turno_personal` WRITE;
/*!40000 ALTER TABLE `turno_personal` DISABLE KEYS */;
INSERT INTO `turno_personal` VALUES (1,'mañana',1),(2,'tarde',1),(3,'ceba',1),(4,'jer',1),(5,'jec',1),(6,'ue',1);
/*!40000 ALTER TABLE `turno_personal` ENABLE KEYS */;
UNLOCK TABLES;

--
-- Table structure for table `usuarios`
--

DROP TABLE IF EXISTS `usuarios`;
/*!40101 SET @saved_cs_client     = @@character_set_client */;
/*!50503 SET character_set_client = utf8mb4 */;
CREATE TABLE `usuarios` (
  `idUsuario` int NOT NULL AUTO_INCREMENT,
  `idInstitucion` varchar(10) COLLATE utf8mb4_general_ci NOT NULL,
  `idRol` int NOT NULL,
  `contrasena` varchar(200) COLLATE utf8mb4_general_ci DEFAULT NULL,
  `estado` int DEFAULT '1',
  `fechaCreado` datetime DEFAULT NULL,
  `fechaActualizado` datetime DEFAULT NULL,
  `fechaEliminado` datetime DEFAULT NULL,
  PRIMARY KEY (`idUsuario`),
  KEY `fx_idInstitucion_idx` (`idInstitucion`),
  KEY `fx_idRol_idx` (`idRol`),
  CONSTRAINT `fx_idInstitucion` FOREIGN KEY (`idInstitucion`) REFERENCES `institucion` (`idInstitucion`),
  CONSTRAINT `fx_idRol` FOREIGN KEY (`idRol`) REFERENCES `rol_usuario` (`idRolUsuario`)
) ENGINE=InnoDB AUTO_INCREMENT=2 DEFAULT CHARSET=utf8mb4 COLLATE=utf8mb4_general_ci;
/*!40101 SET character_set_client = @saved_cs_client */;

--
-- Dumping data for table `usuarios`
--

LOCK TABLES `usuarios` WRITE;
/*!40000 ALTER TABLE `usuarios` DISABLE KEYS */;
INSERT INTO `usuarios` VALUES (1,'200006',1,'$2b$15$KswPPokrxbiAmAKpcCF1g.J0bszFpKEFrWwfmYI36tu0a7y5ET7/S',1,'2025-03-05 16:55:51','2025-04-02 10:31:09',NULL);
/*!40000 ALTER TABLE `usuarios` ENABLE KEYS */;
UNLOCK TABLES;
/*!40103 SET TIME_ZONE=@OLD_TIME_ZONE */;

/*!40101 SET SQL_MODE=@OLD_SQL_MODE */;
/*!40014 SET FOREIGN_KEY_CHECKS=@OLD_FOREIGN_KEY_CHECKS */;
/*!40014 SET UNIQUE_CHECKS=@OLD_UNIQUE_CHECKS */;
/*!40101 SET CHARACTER_SET_CLIENT=@OLD_CHARACTER_SET_CLIENT */;
/*!40101 SET CHARACTER_SET_RESULTS=@OLD_CHARACTER_SET_RESULTS */;
/*!40101 SET COLLATION_CONNECTION=@OLD_COLLATION_CONNECTION */;
/*!40111 SET SQL_NOTES=@OLD_SQL_NOTES */;

-- Dump completed on 2025-04-09 12:18:49
